model,r2_score_train,r2_score_test,MAPE_train,MAPE_test
ExtraTreesRegressor,0.9699829454720612,0.9710707475291007,80.67335484652337,0.06259065290693688
VotingRegressor,0.9563910827258841,0.9572113978574953,83.14662343744244,0.0830907171022211
RandomForestRegressor,0.9367683873994764,0.9355708733336289,93.30564069154654,0.10552203357001365
