model,r2_score_train,r2_score_test,MAPE_train,MAPE_test,surface_max,surface_min,prix_min,prix_max,prix_m2_mini,prix_m2_max
XGBRegressor,0.9106818175836662,0.8221208221956823,0.009367860256286342,0.012978297925023412,184.0,15.0,4000.0,1200000.0,1200.0,8000.0
