model,r2_score_train,r2_score_test,MAPE_train,MAPE_test,surface_max,surface_min,prix_min,prix_max,prix_m2_mini,prix_m2_max
XGBRegressor,0.909834202365567,0.8305568887002979,0.009314665934442332,0.012509878860472815,185.0,15.0,4000.0,1200000.0,1200.0,8000.0
