model,r2_score_train,r2_score_test,MAPE_train,MAPE_test,surface_max,surface_min,prix_min,prix_max,prix_m2_mini,prix_m2_max
VotingRegressor,0.9945049585595385,0.946448059165399,0.002292610480444895,0.007323752639864178,180.0,15.0,40000.0,1200000.0,2800.0,6200.0
RandomForestRegressor,0.9914125854856847,0.9457950280382474,0.0029145375025108737,0.007351460036503601,180.0,15.0,40000.0,1200000.0,2800.0,6200.0
ExtraTreesRegressor,0.9963818680106371,0.9449600609464842,0.0017423864301795203,0.007419609765864541,180.0,15.0,40000.0,1200000.0,2800.0,6200.0
