model,r2_score_train,r2_score_test,MAPE_train,MAPE_test
ExtraTreesRegressor,0.9559234048167201,0.9683397088718874,5.674681003262857,0.09174704008743495
VotingRegressor,0.9539000763623675,0.9588318932806715,39.59249842486832,147.54829622557244
RandomForestRegressor,0.9478641574036261,0.9326473288030191,77.59289109950171,347.58966004207684
GradientBoostingRegressor,0.4523684773223384,0.5044140462773591,1304.6394879820305,1826.5245141754833
AdaBoostRegressor,-0.9282804358655283,-0.41007422940267935,9886.629518497535,7663.072330794779
