model,r2_score_train,r2_score_test,MAPE_train,MAPE_test,surface_max,surface_min,prix_min,prix_max,prix_m2_mini,prix_m2_max
XGBRegressor,-58.66919073979596,-58.75262766315922,0.33442964861280705,0.3345775625144025,180.0,15.0,40000.0,1200000.0,1200.0,8000.0
