model,r2_score_train,r2_score_test,MAPE_train,MAPE_test,surface_max,surface_min,prix_min,prix_max,prix_m2_mini,prix_m2_max
XGBRegressor,0.9122380410558003,0.827748305971066,0.00924697675014388,0.013009985626471949,190.0,15.0,40000.0,1200000.0,1200.0,8000.0
