model,r2_score_train,r2_score_test,MAPE_train,MAPE_test
LinearRegression,0.014730284994859955,0.012383558505933978,3069.0729850070857,3059.7247119055114
