model,r2_score_train,r2_score_test,MAPE_train,MAPE_test,surface_max,surface_min,prix_min,prix_max,prix_m2_mini,prix_m2_max
VotingRegressor,0.9949042574963439,0.9472253181024449,0.028747962616049446,0.0925576054956424,180.0,15.0,40000.0,1200000.0,2800.0,6200.0
RandomForestRegressor,0.9917960995424576,0.9470064053384667,0.03654205091159236,0.0925350457800039,180.0,15.0,40000.0,1200000.0,2800.0,6200.0
ExtraTreesRegressor,0.9968498148258329,0.9462827564680184,0.02175319672708662,0.09354097301810779,180.0,15.0,40000.0,1200000.0,2800.0,6200.0
