model,r2_score_train,r2_score_test,MAPE_train,MAPE_test,surface_max,surface_min,prix_min,prix_max,prix_m2_mini,prix_m2_max
VotingRegressor,0.9890604596521357,0.8864170827770009,0.040333098842018855,0.12521027485295064,180.0,15.0,40000.0,1200000.0,2800.0,6200.0
RandomForestRegressor,0.9826745764722271,0.8860812146130584,0.05059091930511633,0.12522386173178524,180.0,15.0,40000.0,1200000.0,2800.0,6200.0
ExtraTreesRegressor,0.992927179813216,0.8831531989378892,0.03133597925171769,0.1271676951177458,180.0,15.0,40000.0,1200000.0,2800.0,6200.0
