model,r2_score_train,r2_score_test,MAPE_train,MAPE_test,surface_max,surface_min,prix_min,prix_max,prix_m2_mini,prix_m2_max
XGBRegressor,0.9116014171198641,0.8336835571902375,0.00927731480548586,0.0126040528120399,180.0,15.0,40000.0,1200000.0,1200.0,8000.0
