model,r2_score_train,r2_score_test,MAPE_train,MAPE_test,surface_max,surface_min,prix_min,prix_max,prix_m2_mini,prix_m2_max
XGBRegressor,0.9085139433191376,0.8352229565901331,0.00939506484772247,0.012813085848776547,180.0,15.0,4000.0,1200000.0,1200.0,8000.0
