model,r2_score_train,r2_score_test,MAPE_train,MAPE_test,surface_max,surface_min,prix_min,prix_max,prix_m2_mini,prix_m2_max
RandomForestRegressor,0.9824086495928396,0.8916656227576363,0.050643088807048445,0.12264621232791363,180.0,15.0,40000.0,1200000.0,2800.0,6200.0
VotingRegressor,0.9890182155175722,0.891352033627246,0.040243885299833755,0.1237672698943622,180.0,15.0,40000.0,1200000.0,2800.0,6200.0
ExtraTreesRegressor,0.9931411357976878,0.8869507462497292,0.030758787478080987,0.12678348890506888,180.0,15.0,40000.0,1200000.0,2800.0,6200.0
