model,r2_score_train,r2_score_test,MAPE_train,MAPE_test,surface_max,surface_min,prix_max
VotingRegressor,0.9548672977202606,0.6521223177735921,35.56773661072784,450.97407624724644,160.0,20.0,1000000.0
ExtraTreesRegressor,0.9645878484550401,0.6464243544313812,32.88179990328531,453.57322188523096,160.0,20.0,1000000.0
RandomForestRegressor,0.9392519669646602,0.6449616122910702,40.86053300769617,442.88840052193353,160.0,20.0,1000000.0
