model,r2_score_train,r2_score_test,MAPE_train,MAPE_test
ExtraTreesRegressor,0.9487065581171221,0.9344036993728566,46.64787163053363,152.5501119442325
VotingRegressor,0.9481267672914987,0.9329619396821914,64.289801172453,252.86425394926385
RandomForestRegressor,0.9450304847363413,0.9233687211657413,78.3787263476242,312.9991154781763
