model,r2_score_train,r2_score_test,MAPE_train,MAPE_test
ExtraTreesRegressor,0.9559233925243178,0.96833960051002,5.67468203499594,0.09174551121833648
VotingRegressor,0.9538027315827253,0.9591573957069274,39.52580848998619,176.00923495127105
RandomForestRegressor,0.9478617222475952,0.932531513606131,88.46911977388372,301.87644184656773
BaggingRegressor,0.9440457665162243,0.9124283179722207,58.82659538937749,543.9115891367072
StackingRegressor,-646.245438376545,-2.5789791347523785,103431.68817531389,8130.507069019697
