model,r2_score_train,r2_score_test,MAPE_train,MAPE_test
ExtraTreesRegressor,0.9705321841169446,0.9716752557045026,70.88335481022152,120.03721539791327
VotingRegressor,0.9572050311636625,0.9573896891200312,79.43568583019946,116.51707292629187
RandomForestRegressor,0.9389903926354854,0.9343670331671456,74.93187371497204,157.67496533809438
