model,r2_score_train,r2_score_test,MAPE_train,MAPE_test,surface_max,surface_min,prix_max
VotingRegressor,0.9597427307726807,0.6550509906179879,104.21982341779965,0.1907436853924292,160.0,20.0,600000.0
RandomForestRegressor,0.9409488219740831,0.6533612173661182,119.15412873389158,0.1911848827634334,160.0,20.0,600000.0
ExtraTreesRegressor,0.9733859780238144,0.6530742446962243,86.41227212452561,0.19263931928028863,160.0,20.0,600000.0
