model,r2_score_train,r2_score_test,MAPE_train,MAPE_test
KNeighborsRegressor,0.7459015219245824,0.5651732100006155,114.79534304735968,621.3359928408904
RidgeCV,0.014730276395682251,0.012383351619664085,3069.3684788669316,3061.0270863006613
SGDRegressor,0.01264200986406494,0.00904763436824918,3058.702573473904,3102.782026194454
