model,r2_score_train,r2_score_test,MAPE_train,MAPE_test,surface_max,surface_min,prix_min,prix_max,prix_m2_mini,prix_m2_max
XGBRegressor,0.9073715984775473,0.8291894059129596,0.009470893986804419,0.012737649182260594,175.0,15.0,4000.0,1200000.0,1200.0,8000.0
