model,r2_score_train,r2_score_test,MAPE_train,MAPE_test,surface_max,surface_min,prix_min,prix_max,prix_m2_mini,prix_m2_max
VotingRegressor,0.9986530163613546,0.9874896653384853,0.0011864461710137234,0.0038450570775632287,180.0,15.0,40000.0,1000000.0,1200.0,8000.0
RandomForestRegressor,0.9978722581887896,0.987232989382774,0.0015261984247060742,0.0038856536649523607,180.0,15.0,40000.0,1000000.0,1200.0,8000.0
ExtraTreesRegressor,0.9991055782817925,0.987144248350613,0.0008842036489807599,0.003883909653907589,180.0,15.0,40000.0,1000000.0,1200.0,8000.0
