model,r2_score_train,r2_score_test,MAPE_train,MAPE_test,surface_max,surface_min,prix_min,prix_max,prix_m2_mini,prix_m2_max
XGBRegressor,0.9126578975066869,0.8366033349948858,0.009220522467996352,0.012610321284414222,185.0,15.0,4000.0,1200000.0,1200.0,8000.0
