model,r2_score_train,r2_score_test,MAPE_train,MAPE_test,surface_max,surface_min,prix_min,prix_max,prix_m2_mini,prix_m2_max
VotingRegressor,0.9945025786516444,0.9464065858177287,0.0022951921045894,0.007325265227713968,180.0,15.0,40000.0,1200000.0,2800.0,6200.0
RandomForestRegressor,0.9914005915544103,0.9457304956260324,0.002917753501291642,0.007351205904711532,180.0,15.0,40000.0,1200000.0,2800.0,6200.0
ExtraTreesRegressor,0.9963676708827789,0.9451148975185869,0.001745781372069741,0.007402549303191101,180.0,15.0,40000.0,1200000.0,2800.0,6200.0
