model,r2_score_train,r2_score_test,MAPE_train,MAPE_test,surface_max,surface_min,prix_min,prix_max,prix_m2_mini,prix_m2_max
VotingRegressor,0.9988633468999484,0.9880363405679115,0.0010726932253319313,0.0035939556871369973,180.0,15.0,40000.0,1000000.0,2800.0,8000.0
RandomForestRegressor,0.998188395661207,0.9878927857608106,0.0013881557878513754,0.003618010256751639,180.0,15.0,40000.0,1000000.0,2800.0,8000.0
ExtraTreesRegressor,0.9992671378206536,0.987713012736885,0.0007895759982442222,0.003616621488567973,180.0,15.0,40000.0,1000000.0,2800.0,8000.0
