model,r2_score_train,r2_score_test,MAPE_train,MAPE_test,surface_max,surface_min,prix_max
ExtraTreesRegressor,0.9790391699181494,0.6746580815060566,96.52016611027972,0.18715277097825997,160.0,20.0,600000.0
VotingRegressor,0.9650243895117816,0.6734252555302612,100.86867083156571,0.18586267953060476,160.0,20.0,600000.0
RandomForestRegressor,0.942920048116862,0.6661196412478527,116.30075809870206,0.18583521947374088,160.0,20.0,600000.0
