model,r2_score_train,r2_score_test,MAPE_train,MAPE_test,surface_max,surface_min,prix_min,prix_max,prix_m2_mini,prix_m2_max
XGBRegressor,0.9109703446273176,0.8326609241482626,0.00937082208386481,0.012595369735229947,200.0,15.0,40000.0,1200000.0,1200.0,8000.0
