model,r2_score_train,r2_score_test,MAPE_train,MAPE_test,surface_max,surface_min,prix_min,prix_max,prix_m2_mini,prix_m2_max
XGBRegressor,0.9116982804485129,0.8310223845506296,0.0092744213242884,0.012703939985740023,175.0,15.0,4300.0,1200000.0,1200.0,8000.0
