model,r2_score_train,r2_score_test,MAPE_train,MAPE_test,surface_max,surface_min,prix_min,prix_max,prix_m2_mini,prix_m2_max
XGBRegressor,0.9052086475825839,0.8318286987994725,0.00937058428422558,0.012560287225599796,150.0,15.0,40000.0,1200000.0,1200.0,8000.0
