model,r2_score_train,r2_score_test,MAPE_train,MAPE_test,surface_max,surface_min,prix_min,prix_max,prix_m2_mini,prix_m2_max
XGBRegressor,0.9105648846393647,0.8256850170158809,0.009356209511237414,0.012935891160507515,175.0,15.0,4000.0,1200000.0,1200.0,8000.0
