model,r2_score_train,r2_score_test,MAPE_train,MAPE_test,surface_max,surface_min,prix_min,prix_max,prix_m2_mini,prix_m2_max
XGBRegressor,0.9130691242242046,0.8302590143817369,0.009243571969040671,0.012814892845119032,175.0,15.0,4000.0,1200000.0,1200.0,7900.0
