model,r2_score_train,r2_score_test,MAPE_train,MAPE_test,surface_max,surface_min,prix_min,prix_max,prix_m2_mini,prix_m2_max
VotingRegressor,0.9884242260336558,0.8842475006675028,0.04112057747401254,0.1311790064228189,180.0,15.0,40000.0,1200000.0,2800.0,6200.0
RandomForestRegressor,0.9813754417037838,0.8841981866858579,0.05171112380931594,0.13088596853460416,180.0,15.0,40000.0,1200000.0,2800.0,6200.0
ExtraTreesRegressor,0.9927887963307153,0.8812723423849331,0.03170649041045709,0.13334076753765667,180.0,15.0,40000.0,1200000.0,2800.0,6200.0
