model,r2_score_train,r2_score_test,MAPE_train,MAPE_test,surface_max,surface_min,prix_min,prix_max,prix_m2_mini,prix_m2_max
XGBRegressor,0.9016550220297731,0.8101133179047405,0.009044326503276426,0.012482632408786292,175.0,20.0,40000.0,1200000.0,1200.0,8000.0
