model,r2_score_train,r2_score_test,MAPE_train,MAPE_test,surface_max,surface_min,prix_max
ExtraTreesRegressor,0.9731535389831557,0.9769967185522939,92.79979107503749,0.04554566048383689,160.0,20.0,600000.0
VotingRegressor,0.960199125550691,0.962584212205593,102.9026776199054,0.062490770664518136,160.0,20.0,600000.0
RandomForestRegressor,0.939795546476092,0.9428653597389953,114.9065187414055,0.08047305579279626,160.0,20.0,600000.0
