model,r2_score_train,r2_score_test,MAPE_train,MAPE_test,surface_max,surface_min,prix_min,prix_max,prix_m2_mini,prix_m2_max
VotingRegressor,0.9890662850134415,0.886789124787992,0.0403696696247354,0.12535847704043002,180.0,15.0,40000.0,1200000.0,2800.0,6200.0
RandomForestRegressor,0.9827915855597429,0.8852950075592053,0.05048660982301926,0.12561067519515862,180.0,15.0,40000.0,1200000.0,2800.0,6200.0
ExtraTreesRegressor,0.9930098397515215,0.8828263043453937,0.031200375401603045,0.12723948454040743,180.0,15.0,40000.0,1200000.0,2800.0,6200.0
