model,r2_score_train,r2_score_test,MAPE_train,MAPE_test,surface_max,surface_min,prix_min,prix_max,prix_m2_mini,prix_m2_max
VotingRegressor,0.9781181107703342,0.8231796111021621,0.004373075747858632,0.013098178075612516,180.0,15.0,40000.0,1200000.0,1200.0,8000.0
RandomForestRegressor,0.9692519279475393,0.8201981168648393,0.0053626325563188556,0.013190844993674438,180.0,15.0,40000.0,1200000.0,1200.0,8000.0
ExtraTreesRegressor,0.9833365280212447,0.8186433878182372,0.003550075287932512,0.013296150778523886,180.0,15.0,40000.0,1200000.0,1200.0,8000.0
