model,r2_score_train,r2_score_test,MAPE_train,MAPE_test,surface_max,surface_min,prix_min,prix_max,prix_m2_mini,prix_m2_max
RandomForestRegressor,0.9914900207137566,0.9493602125036515,0.0029079063117988246,0.007184041223379934,180.0,15.0,40000.0,1200000.0,2800.0,6200.0
VotingRegressor,0.9944981566571508,0.949306113445147,0.0023026322940784766,0.007211843147583149,180.0,15.0,40000.0,1200000.0,2800.0,6200.0
ExtraTreesRegressor,0.9963205297371193,0.9474234017712158,0.00175872109376628,0.007320501866902088,180.0,15.0,40000.0,1200000.0,2800.0,6200.0
