model,r2_score_train,r2_score_test,MAPE_train,MAPE_test
ExtraTreesRegressor,0.9492076169631912,0.9355030812008724,45.276673542154704,172.85516420334068
VotingRegressor,0.9478418172667371,0.9327698215529338,61.07272434882406,253.31884284356303
RandomForestRegressor,0.945173844248312,0.9258141089614004,79.50361374250386,324.0751046327438
