model,r2_score_train,r2_score_test,MAPE_train,MAPE_test,surface_max,surface_min,prix_min,prix_max,prix_m2_mini,prix_m2_max
XGBRegressor,0.8909233515111882,0.7708858857179516,0.008876055147285301,0.012618026619672549,175.0,30.0,40000.0,1200000.0,1200.0,8000.0
