model,r2_score_train,r2_score_test,MAPE_train,MAPE_test
ExtraTreesRegressor,0.9730890770969072,0.9784040870277745,95.59832207021853,0.04535363016894729
VotingRegressor,0.9600392616650112,0.9630664662116896,104.37115740139744,0.06188100685178394
RandomForestRegressor,0.9411707107153855,0.9421700791354782,113.44032034397196,0.07966568654214262
