model,r2_score_train,r2_score_test,MAPE_train,MAPE_test,surface_max,surface_min,prix_min,prix_max,prix_m2_mini,prix_m2_max
RandomForestRegressor,0.9959198476086668,0.973482139157914,0.0021105159276390423,0.0054127606658009066,180.0,15.0,40000.0,1000000.0,2800.0,8000.0
VotingRegressor,0.9974292543967109,0.9733113028418497,0.0016417183959173294,0.0054200253613990385,180.0,15.0,40000.0,1000000.0,2800.0,8000.0
ExtraTreesRegressor,0.9983229869064623,0.9723207003009162,0.0012307184797302022,0.005495854424364291,180.0,15.0,40000.0,1000000.0,2800.0,8000.0
