model,r2_score_train,r2_score_test,MAPE_train,MAPE_test,surface_max,surface_min,prix_min,prix_max,prix_m2_mini,prix_m2_max
VotingRegressor,0.9884030880782493,0.8847641295492612,0.0412417217334431,0.13102446161430845,180.0,15.0,40000.0,1200000.0,2800.0,6200.0
RandomForestRegressor,0.9814152350280595,0.8839155901379239,0.051712777928946387,0.13086873684891576,180.0,15.0,40000.0,1200000.0,2800.0,6200.0
ExtraTreesRegressor,0.9927737025310232,0.8808892501508072,0.031737090339137256,0.1334343471798217,180.0,15.0,40000.0,1200000.0,2800.0,6200.0
