model,r2_score_train,r2_score_test,MAPE_train,MAPE_test,surface_max,surface_min,prix_max
VotingRegressor,0.9558680301656469,0.6456340778048468,60.71190263648119,205.10972916787114,160.0,20.0,600000.0
RandomForestRegressor,0.9380325169683962,0.6414403046433617,68.10450825980897,203.93112505100206,160.0,20.0,600000.0
ExtraTreesRegressor,0.967110251851021,0.638597920708666,55.9012603089654,203.73251154584204,160.0,20.0,600000.0
