model,r2_score_train,r2_score_test,MAPE_train,MAPE_test,surface_max,surface_min,prix_min,prix_max,prix_m2_mini,prix_m2_max
VotingRegressor,0.9990946537454323,0.9911020172920114,0.0009644380056715637,0.0032200908199367956,180.0,15.0,40000.0,1000000.0,1200.0,8000.0
RandomForestRegressor,0.9985248679838867,0.9910444311771515,0.0012517982996044696,0.0032285132795618907,180.0,15.0,40000.0,1000000.0,1200.0,8000.0
ExtraTreesRegressor,0.9994069075456218,0.9908051844788508,0.0007192345667845369,0.003259220760217368,180.0,15.0,40000.0,1000000.0,1200.0,8000.0
