model,r2_score_train,r2_score_test,MAPE_train,MAPE_test,surface_max,surface_min,prix_min,prix_max,prix_m2_mini,prix_m2_max
XGBRegressor,0.9121727599545014,0.8247021801469907,0.009258743840062464,0.012715817793867193,175.0,15.0,4000.0,1200000.0,1200.0,8200.0
