model,r2_score_train,r2_score_test,MAPE_train,MAPE_test,surface_max,surface_min,prix_min,prix_max,prix_m2_mini,prix_m2_max
VotingRegressor,0.9785733956655515,0.8235542051782969,0.004329562731987015,0.013054451836058597,180.0,15.0,40000.0,1200000.0,1200.0,8000.0
ExtraTreesRegressor,0.983830091257022,0.8210720369089626,0.0034688010201749902,0.013146873718773386,180.0,15.0,40000.0,1200000.0,1200.0,8000.0
RandomForestRegressor,0.9695580238556152,0.8183818525258623,0.005348600370032041,0.013278103319860244,180.0,15.0,40000.0,1200000.0,1200.0,8000.0
