model,r2_score_train,r2_score_test,MAPE_train,MAPE_test,surface_max,surface_min,prix_min,prix_max,prix_m2_mini,prix_m2_max
RandomForestRegressor,0.9823689698799066,0.8913763367285843,0.05068484848402881,0.12248279268302605,180.0,15.0,40000.0,1200000.0,2800.0,6200.0
VotingRegressor,0.9890330379916135,0.8912125621235881,0.04014506767369579,0.1237691796102424,180.0,15.0,40000.0,1200000.0,2800.0,6200.0
ExtraTreesRegressor,0.9931941779351574,0.8871919733601529,0.030707701635785196,0.12672376656497514,180.0,15.0,40000.0,1200000.0,2800.0,6200.0
