model,r2_score_train,r2_score_test,MAPE_train,MAPE_test
LassoCV,0.014727561214491036,0.012080364795612253,3075.139749858286,3086.385314638722
LinearSVR,-0.13394472238538624,-0.14400968234277545,198.5869499892487,49.836448948615626
