model,r2_score_train,r2_score_test,MAPE_train,MAPE_test,surface_max,surface_min,prix_min,prix_max,prix_m2_mini,prix_m2_max
RandomForestRegressor,0.991677943276097,0.9481332998429418,0.03653403258576687,0.09015670348783955,180.0,15.0,40000.0,1200000.0,2800.0,6200.0
VotingRegressor,0.994826044666203,0.9480766661726842,0.028809022920867636,0.09058597657721464,180.0,15.0,40000.0,1200000.0,2800.0,6200.0
ExtraTreesRegressor,0.9967536432983294,0.9467821260233288,0.02182665166434828,0.09182496943081836,180.0,15.0,40000.0,1200000.0,2800.0,6200.0
