model,r2_score_train,r2_score_test,MAPE_train,MAPE_test,surface_max,surface_min,prix_min,prix_max,prix_m2_mini,prix_m2_max
XGBRegressor,0.9018526221192094,0.8326265958927849,0.009851634166069503,0.012567426091101737,180.0,15.0,40000.0,1200000.0,1200.0,8000.0
VotingRegressor,0.9781297238098957,0.8227323536587903,0.004372596318945526,0.013107228829469172,180.0,15.0,40000.0,1200000.0,1200.0,8000.0
ExtraTreesRegressor,0.9832538235372784,0.8199870778442941,0.0035580010331556448,0.013245222604518528,180.0,15.0,40000.0,1200000.0,1200.0,8000.0
RandomForestRegressor,0.969253523328226,0.81943296088572,0.0053509910388711505,0.013203200972067801,180.0,15.0,40000.0,1200000.0,1200.0,8000.0
