model,r2_score_train,r2_score_test,MAPE_train,MAPE_test
SVR,-0.05967233804392147,-0.059250425108621885,1391.7219441835607,1322.4976330466575
