model,r2_score_train,r2_score_test,MAPE_train,MAPE_test,surface_max,surface_min,prix_min,prix_max,prix_m2_mini,prix_m2_max
XGBRegressor,0.9104180336400163,0.8314218458043581,0.009276194198199488,0.012719622637546104,175.0,15.0,40000.0,1150000.0,1200.0,8000.0
