model,r2_score_train,r2_score_test,MAPE_train,MAPE_test,surface_max,surface_min,prix_min,prix_max,prix_m2_mini,prix_m2_max
RandomForestRegressor,0.9914447346308529,0.9463707653124346,0.0029129874900067623,0.007305658771985567,180.0,15.0,40000.0,1200000.0,2800.0,6200.0
VotingRegressor,0.9945181672626711,0.946368845479795,0.002293742371316398,0.007339800239328347,180.0,15.0,40000.0,1200000.0,2800.0,6200.0
ExtraTreesRegressor,0.9963733128172625,0.9450644683000912,0.0017433475926844646,0.007420188071455355,180.0,15.0,40000.0,1200000.0,2800.0,6200.0
