model,r2_score_train,r2_score_test,MAPE_train,MAPE_test,surface_max,surface_min,prix_min,prix_max,prix_m2_mini,prix_m2_max
XGBRegressor,0.9117102269096076,0.8258291851712207,0.0092843152140579,0.012791885526427406,185.0,15.0,4000.0,1200000.0,1200.0,8000.0
