model,r2_score_train,r2_score_test,MAPE_train,MAPE_test,surface_max,surface_min,prix_min,prix_max,prix_m2_mini,prix_m2_max
VotingRegressor,0.9786960459862085,0.8235536946718759,0.004323227781596948,0.013048052784908148,180.0,15.0,40000.0,1200000.0,1200.0,8000.0
ExtraTreesRegressor,0.9839105720355044,0.8205707210518133,0.0034569003403445145,0.013241244973536053,180.0,15.0,40000.0,1200000.0,1200.0,8000.0
RandomForestRegressor,0.9694394363244133,0.8197039459292185,0.005358761671773401,0.01322458018190379,180.0,15.0,40000.0,1200000.0,1200.0,8000.0
