model,r2_score_train,r2_score_test,MAPE_train,MAPE_test,surface_max,surface_min,prix_min,prix_max,prix_m2_mini,prix_m2_max
XGBRegressor,0.9047024305733435,0.8361825887284666,0.009448470609712965,0.012605169360696234,185.0,15.0,4000.0,1200000.0,1200.0,8000.0
