model,r2_score_train,r2_score_test,MAPE_train,MAPE_test,surface_max,surface_min,prix_min,prix_max,prix_m2_mini,prix_m2_max
VotingRegressor,0.9903264220080933,0.8812856664934545,0.03797233938652437,0.13022468722322608,180.0,15.0,40000.0,1200000.0,2800.0,6200.0
RandomForestRegressor,0.9827431438733997,0.880952476252644,0.05066457646983876,0.12969467631247836,180.0,15.0,40000.0,1200000.0,2800.0,6200.0
ExtraTreesRegressor,0.9950681280969227,0.8787616300389735,0.02653724309042115,0.13231074491618394,180.0,15.0,40000.0,1200000.0,2800.0,6200.0
