model,r2_score_train,r2_score_test,MAPE_train,MAPE_test,surface_max,surface_min,prix_min,prix_max,prix_m2_mini,prix_m2_max
RandomForestRegressor,0.9822095977971564,0.89210898440327,0.0509074070330053,0.12275575183337721,180.0,15.0,40000.0,1200000.0,2800.0,6200.0
VotingRegressor,0.98900292440249,0.8903512587439042,0.04012037533929229,0.12388654261646584,180.0,15.0,40000.0,1200000.0,2800.0,6200.0
ExtraTreesRegressor,0.9931709112225586,0.8872479016516055,0.03067824369325645,0.12652203897905853,180.0,15.0,40000.0,1200000.0,2800.0,6200.0
