model,r2_score_train,r2_score_test,MAPE_train,MAPE_test,surface_max,surface_min,prix_max
VotingRegressor,0.955023938111507,0.6547072254850645,37.38262758088829,446.3571419763095,160.0,20.0,1000000.0
ExtraTreesRegressor,0.9643465244623816,0.6468762169933296,33.71282485084549,451.55354836615476,160.0,20.0,1000000.0
RandomForestRegressor,0.9390100937795974,0.6468301915436624,42.887816204966626,445.95392843322054,160.0,20.0,1000000.0
