model,r2_score_train,r2_score_test,MAPE_train,MAPE_test,surface_max,surface_min,prix_min,prix_max,prix_m2_mini,prix_m2_max
VotingRegressor,0.9941059457819105,0.944098245028669,0.0023927286963973883,0.0076797360023449215,180.0,15.0,40000.0,800000.0,2800.0,8000.0
RandomForestRegressor,0.9908904153528082,0.943618330891365,0.0030189858806566805,0.007701624633459972,180.0,15.0,40000.0,800000.0,2800.0,8000.0
ExtraTreesRegressor,0.9961208980047547,0.9424132212156219,0.0018259076502375197,0.0077850458141935416,180.0,15.0,40000.0,800000.0,2800.0,8000.0
